corpus_id,purpose,split,bits,N,factor_p_validation_only,factor_q_validation_only,p_attempt,q_attempt,generator_seed,generator_rule
E80-00,state_equivalence,equivalence,80,895358949230739062430811,835562474587,1071564337153,28,2,EM-VBBMK-A550CC|2026-08-23|balanced-semiprimes|v1,SHA256 counter candidate; exact half-width; top two bits and low bit set; first deterministic Miller-Rabin prime; reject equal factors or wrong product bit length
E80-01,state_equivalence,equivalence,80,924498456918901816730843,954799721749,968264271407,24,1,EM-VBBMK-A550CC|2026-08-23|balanced-semiprimes|v1,SHA256 counter candidate; exact half-width; top two bits and low bit set; first deterministic Miller-Rabin prime; reject equal factors or wrong product bit length
E80-02,state_equivalence,equivalence,80,1032847051485787640771177,987013480979,1046436620563,30,7,EM-VBBMK-A550CC|2026-08-23|balanced-semiprimes|v1,SHA256 counter candidate; exact half-width; top two bits and low bit set; first deterministic Miller-Rabin prime; reject equal factors or wrong product bit length
E80-03,state_equivalence,equivalence,80,1162180470634259934741959,1071095192161,1085039386919,16,4,EM-VBBMK-A550CC|2026-08-23|balanced-semiprimes|v1,SHA256 counter candidate; exact half-width; top two bits and low bit set; first deterministic Miller-Rabin prime; reject equal factors or wrong product bit length
E80-04,state_equivalence,equivalence,80,991446167202272307464021,928151327731,1068194525591,6,2,EM-VBBMK-A550CC|2026-08-23|balanced-semiprimes|v1,SHA256 counter candidate; exact half-width; top two bits and low bit set; first deterministic Miller-Rabin prime; reject equal factors or wrong product bit length
E80-05,state_equivalence,equivalence,80,942715437164282819996093,896298762713,1051787056261,3,8,EM-VBBMK-A550CC|2026-08-23|balanced-semiprimes|v1,SHA256 counter candidate; exact half-width; top two bits and low bit set; first deterministic Miller-Rabin prime; reject equal factors or wrong product bit length
E80-06,state_equivalence,equivalence,80,906057229863708460783493,848363369519,1068006071947,24,8,EM-VBBMK-A550CC|2026-08-23|balanced-semiprimes|v1,SHA256 counter candidate; exact half-width; top two bits and low bit set; first deterministic Miller-Rabin prime; reject equal factors or wrong product bit length
E80-07,state_equivalence,equivalence,80,915138499861345394307707,956420876923,956836599809,0,18,EM-VBBMK-A550CC|2026-08-23|balanced-semiprimes|v1,SHA256 counter candidate; exact half-width; top two bits and low bit set; first deterministic Miller-Rabin prime; reject equal factors or wrong product bit length
E80-08,state_equivalence,equivalence,80,850451751431626242687907,828641200603,1026320862169,11,16,EM-VBBMK-A550CC|2026-08-23|balanced-semiprimes|v1,SHA256 counter candidate; exact half-width; top two bits and low bit set; first deterministic Miller-Rabin prime; reject equal factors or wrong product bit length
E80-09,state_equivalence,equivalence,80,966349502565001516017731,879690843923,1098510356497,18,45,EM-VBBMK-A550CC|2026-08-23|balanced-semiprimes|v1,SHA256 counter candidate; exact half-width; top two bits and low bit set; first deterministic Miller-Rabin prime; reject equal factors or wrong product bit length
E80-10,state_equivalence,equivalence,80,725470423981083859980331,843868320697,859696241923,6,7,EM-VBBMK-A550CC|2026-08-23|balanced-semiprimes|v1,SHA256 counter candidate; exact half-width; top two bits and low bit set; first deterministic Miller-Rabin prime; reject equal factors or wrong product bit length
E80-11,state_equivalence,equivalence,80,1161312641907580524585961,1064678916179,1090763256659,43,1,EM-VBBMK-A550CC|2026-08-23|balanced-semiprimes|v1,SHA256 counter candidate; exact half-width; top two bits and low bit set; first deterministic Miller-Rabin prime; reject equal factors or wrong product bit length
E80-12,state_equivalence,equivalence,80,919306126325812163561849,884310862163,1039573486723,8,0,EM-VBBMK-A550CC|2026-08-23|balanced-semiprimes|v1,SHA256 counter candidate; exact half-width; top two bits and low bit set; first deterministic Miller-Rabin prime; reject equal factors or wrong product bit length
E80-13,state_equivalence,equivalence,80,869520205028751651999469,860029990681,1011034748149,6,5,EM-VBBMK-A550CC|2026-08-23|balanced-semiprimes|v1,SHA256 counter candidate; exact half-width; top two bits and low bit set; first deterministic Miller-Rabin prime; reject equal factors or wrong product bit length
E80-14,state_equivalence,equivalence,80,954991540447450206261863,904998931139,1055240517517,6,3,EM-VBBMK-A550CC|2026-08-23|balanced-semiprimes|v1,SHA256 counter candidate; exact half-width; top two bits and low bit set; first deterministic Miller-Rabin prime; reject equal factors or wrong product bit length
E80-15,state_equivalence,equivalence,80,802400199765231979621979,856331487367,937020548237,2,20,EM-VBBMK-A550CC|2026-08-23|balanced-semiprimes|v1,SHA256 counter candidate; exact half-width; top two bits and low bit set; first deterministic Miller-Rabin prime; reject equal factors or wrong product bit length
E80-16,state_equivalence,equivalence,80,828492002884224892888001,832669810481,994982635921,9,3,EM-VBBMK-A550CC|2026-08-23|balanced-semiprimes|v1,SHA256 counter candidate; exact half-width; top two bits and low bit set; first deterministic Miller-Rabin prime; reject equal factors or wrong product bit length
E80-17,state_equivalence,equivalence,80,991283793096877297737497,972720739897,1019083640801,3,20,EM-VBBMK-A550CC|2026-08-23|balanced-semiprimes|v1,SHA256 counter candidate; exact half-width; top two bits and low bit set; first deterministic Miller-Rabin prime; reject equal factors or wrong product bit length
E80-18,state_equivalence,equivalence,80,887595763998474669355901,923271749831,961359170971,0,0,EM-VBBMK-A550CC|2026-08-23|balanced-semiprimes|v1,SHA256 counter candidate; exact half-width; top two bits and low bit set; first deterministic Miller-Rabin prime; reject equal factors or wrong product bit length
E80-19,state_equivalence,equivalence,80,1027568603461103960166329,996304537331,1031380029859,8,0,EM-VBBMK-A550CC|2026-08-23|balanced-semiprimes|v1,SHA256 counter candidate; exact half-width; top two bits and low bit set; first deterministic Miller-Rabin prime; reject equal factors or wrong product bit length
R96-00,benchmark,training,96,65183281308304438688892556331,253460629551803,257173200522577,3,1,EM-VBBMK-A550CC|2026-08-23|balanced-semiprimes|v1,SHA256 counter candidate; exact half-width; top two bits and low bit set; first deterministic Miller-Rabin prime; reject equal factors or wrong product bit length
R96-01,benchmark,training,96,48343560880812962002101033337,218377150495859,221376461644643,29,42,EM-VBBMK-A550CC|2026-08-23|balanced-semiprimes|v1,SHA256 counter candidate; exact half-width; top two bits and low bit set; first deterministic Miller-Rabin prime; reject equal factors or wrong product bit length
R96-02,benchmark,training,96,69241888240563137614418109593,249984666916429,276984541070717,1,14,EM-VBBMK-A550CC|2026-08-23|balanced-semiprimes|v1,SHA256 counter candidate; exact half-width; top two bits and low bit set; first deterministic Miller-Rabin prime; reject equal factors or wrong product bit length
R96-03,benchmark,training,96,62106238674777353201891151557,248759716917277,249663568701641,24,8,EM-VBBMK-A550CC|2026-08-23|balanced-semiprimes|v1,SHA256 counter candidate; exact half-width; top two bits and low bit set; first deterministic Miller-Rabin prime; reject equal factors or wrong product bit length
R96-04,benchmark,training,96,48276994371714594590081180507,217843975554929,221612712716683,8,84,EM-VBBMK-A550CC|2026-08-23|balanced-semiprimes|v1,SHA256 counter candidate; exact half-width; top two bits and low bit set; first deterministic Miller-Rabin prime; reject equal factors or wrong product bit length
R96-05,benchmark,training,96,62191227744683189062465814621,237093319384379,262306959580999,4,34,EM-VBBMK-A550CC|2026-08-23|balanced-semiprimes|v1,SHA256 counter candidate; exact half-width; top two bits and low bit set; first deterministic Miller-Rabin prime; reject equal factors or wrong product bit length
R96-06,benchmark,holdout,96,65361888882062852998039906489,255540958371289,255778522936801,11,1,EM-VBBMK-A550CC|2026-08-23|balanced-semiprimes|v1,SHA256 counter candidate; exact half-width; top two bits and low bit set; first deterministic Miller-Rabin prime; reject equal factors or wrong product bit length
R96-07,benchmark,holdout,96,56270212313844296424439800799,230058987478963,244590367585573,13,33,EM-VBBMK-A550CC|2026-08-23|balanced-semiprimes|v1,SHA256 counter candidate; exact half-width; top two bits and low bit set; first deterministic Miller-Rabin prime; reject equal factors or wrong product bit length
R96-08,benchmark,holdout,96,55270265979468895805561830679,212222332164683,260435673360613,38,12,EM-VBBMK-A550CC|2026-08-23|balanced-semiprimes|v1,SHA256 counter candidate; exact half-width; top two bits and low bit set; first deterministic Miller-Rabin prime; reject equal factors or wrong product bit length
R96-09,benchmark,holdout,96,70977887642666914573313575249,259153529360107,273883546243507,19,16,EM-VBBMK-A550CC|2026-08-23|balanced-semiprimes|v1,SHA256 counter candidate; exact half-width; top two bits and low bit set; first deterministic Miller-Rabin prime; reject equal factors or wrong product bit length
R104-00,benchmark,training,104,13040456778204410564698678298381,3487556331671189,3739138679935129,14,2,EM-VBBMK-A550CC|2026-08-23|balanced-semiprimes|v1,SHA256 counter candidate; exact half-width; top two bits and low bit set; first deterministic Miller-Rabin prime; reject equal factors or wrong product bit length
R104-01,benchmark,training,104,14348199096467204181416607155041,3698738922819037,3879213806615893,13,29,EM-VBBMK-A550CC|2026-08-23|balanced-semiprimes|v1,SHA256 counter candidate; exact half-width; top two bits and low bit set; first deterministic Miller-Rabin prime; reject equal factors or wrong product bit length
R104-02,benchmark,training,104,15095752085492195003276618503367,3787354743715043,3985829980817869,21,2,EM-VBBMK-A550CC|2026-08-23|balanced-semiprimes|v1,SHA256 counter candidate; exact half-width; top two bits and low bit set; first deterministic Miller-Rabin prime; reject equal factors or wrong product bit length
R104-03,benchmark,holdout,104,17391843046511541467132794341299,4162987693773473,4177731073412563,36,22,EM-VBBMK-A550CC|2026-08-23|balanced-semiprimes|v1,SHA256 counter candidate; exact half-width; top two bits and low bit set; first deterministic Miller-Rabin prime; reject equal factors or wrong product bit length
R104-04,benchmark,holdout,104,15655588946023233857643964388513,3633272326147489,4308950043010817,50,5,EM-VBBMK-A550CC|2026-08-23|balanced-semiprimes|v1,SHA256 counter candidate; exact half-width; top two bits and low bit set; first deterministic Miller-Rabin prime; reject equal factors or wrong product bit length
R112-00,benchmark,training,112,3640261179073542536944044727019911,57381082342661417,63440092630791983,20,85,EM-VBBMK-A550CC|2026-08-23|balanced-semiprimes|v1,SHA256 counter candidate; exact half-width; top two bits and low bit set; first deterministic Miller-Rabin prime; reject equal factors or wrong product bit length
R112-01,benchmark,training,112,3415138734237450397076857473377293,55089155584080983,61992940316992571,7,16,EM-VBBMK-A550CC|2026-08-23|balanced-semiprimes|v1,SHA256 counter candidate; exact half-width; top two bits and low bit set; first deterministic Miller-Rabin prime; reject equal factors or wrong product bit length
R112-02,benchmark,holdout,112,4454357903834544914719874623623481,66442333492565351,67040961231937631,4,15,EM-VBBMK-A550CC|2026-08-23|balanced-semiprimes|v1,SHA256 counter candidate; exact half-width; top two bits and low bit set; first deterministic Miller-Rabin prime; reject equal factors or wrong product bit length
F104,fixed_checkpoint,holdout,104,11681976071094177586960974447503,2863308968584027,4079886662343389,,,locked_packet,verbatim fixed checkpoint; factors validation-only
F112,fixed_checkpoint,holdout,112,3023488086125431650366346299720263,53570471665823809,56439452409270407,,,locked_packet,verbatim fixed checkpoint; factors validation-only
F128,fixed_checkpoint,holdout,128,236865402759503171708411529790601388017,14465361523279898393,16374661800073417369,,,locked_packet,verbatim fixed checkpoint; factors validation-only
