record_type,case,n,T,A,B,C,candidate_a,m,d,d_prev,reference_a,condition,expected,observed,status
canonical_map_checkpoint,0,0,895204858755057033238453,1,-895204858755057033238453,0,946152661442,0,1,,946152661442,exact indexed map and invariant,match,match,PASS
canonical_map_checkpoint,0,1,895204858755057033238453,-1277159719089,1,946152661442,1,946152661442,1277159719089,1,1,exact indexed map and invariant,match,match,PASS
canonical_map_checkpoint,0,2,895204858755057033238453,615145603796,-1277159719089,-331007057647,2,331007057647,615145603796,1277159719089,2,exact indexed map and invariant,match,match,PASS
canonical_map_checkpoint,0,3,895204858755057033238453,-140605534493,615145603796,899284149945,13,899284149945,140605534493,615145603796,13,exact indexed map and invariant,match,match,PASS
canonical_map_checkpoint,0,4999,895204858755057033238453,-609236486349,114036296428,908696751509,3,908696751509,609236486349,114036296428,3,exact indexed map and invariant,match,match,PASS
canonical_map_checkpoint,1,0,1119957466377549817754449,1,-1119957466377549817754449,0,1058280428987,0,1,,1058280428987,exact indexed map and invariant,match,match,PASS
canonical_map_checkpoint,1,1,1119957466377549817754449,-641067908280,1,1058280428987,3,1058280428987,641067908280,1,3,exact indexed map and invariant,match,match,PASS
canonical_map_checkpoint,1,2,1119957466377549817754449,580071399403,-641067908280,-864923295853,3,864923295853,580071399403,641067908280,3,exact indexed map and invariant,match,match,PASS
canonical_map_checkpoint,1,3,1119957466377549817754449,-609965088771,580071399403,875290902356,3,875290902356,609965088771,580071399403,3,exact indexed map and invariant,match,match,PASS
canonical_map_checkpoint,1,4999,1119957466377549817754449,-352160061528,238889185935,1017757454387,5,1017757454387,352160061528,238889185935,5,exact indexed map and invariant,match,match,PASS
canonical_map_checkpoint,2,0,1055891940277214105827513,1,-1055891940277214105827513,0,1027566027210,0,1,,1027566027210,exact indexed map and invariant,match,match,PASS
canonical_map_checkpoint,2,1,1055891940277214105827513,-1071645443413,1,1027566027210,1,1027566027210,1071645443413,1,1,exact indexed map and invariant,match,match,PASS
canonical_map_checkpoint,2,2,1055891940277214105827513,983486611008,-1071645443413,-44079416203,1,44079416203,983486611008,1071645443413,1,exact indexed map and invariant,match,match,PASS
canonical_map_checkpoint,2,3,1055891940277214105827513,-176317664811,983486611008,939407194805,11,939407194805,176317664811,983486611008,11,exact indexed map and invariant,match,match,PASS
canonical_map_checkpoint,2,4999,1055891940277214105827513,-316296395592,1705772986107,718583393263,5,718583393263,316296395592,1705772986107,5,exact indexed map and invariant,match,match,PASS
canonical_map_checkpoint,3,0,791377714680498830726351,1,-791377714680498830726351,0,889594129185,0,1,,889594129185,exact indexed map and invariant,match,match,PASS
canonical_map_checkpoint,3,1,791377714680498830726351,-80361962126,1,889594129185,22,889594129185,80361962126,1,22,exact indexed map and invariant,match,match,PASS
canonical_map_checkpoint,3,2,791377714680498830726351,246952015157,-80361962126,-878369037587,7,878369037587,246952015157,80361962126,7,exact indexed map and invariant,match,match,PASS
canonical_map_checkpoint,3,3,791377714680498830726351,-276879745651,246952015157,850295068512,6,850295068512,276879745651,246952015157,6,exact indexed map and invariant,match,match,PASS
canonical_map_checkpoint,3,4999,791377714680498830726351,-507277817735,904291031690,576758990851,2,576758990851,507277817735,904291031690,2,exact indexed map and invariant,match,match,PASS
canonical_map_checkpoint,4,0,751932430638254757708079,1,-751932430638254757708079,0,867140375393,0,1,,867140375393,exact indexed map and invariant,match,match,PASS
canonical_map_checkpoint,4,1,751932430638254757708079,-1541797803630,1,867140375393,1,867140375393,1541797803630,1,1,exact indexed map and invariant,match,match,PASS
canonical_map_checkpoint,4,2,751932430638254757708079,192482947157,-1541797803630,-674657428237,8,674657428237,192482947157,1541797803630,8,exact indexed map and invariant,match,match,PASS
canonical_map_checkpoint,4,3,751932430638254757708079,-17408037374,192482947157,865206149019,99,865206149019,17408037374,192482947157,99,exact indexed map and invariant,match,match,PASS
canonical_map_checkpoint,4,4999,751932430638254757708079,-882560275623,591571072546,479411411839,1,479411411839,882560275623,591571072546,1,exact indexed map and invariant,match,match,PASS
canonical_map_checkpoint,5,0,733954298291541561414451,1,-733954298291541561414451,0,856711327280,0,1,,856711327280,exact indexed map and invariant,match,match,PASS
canonical_map_checkpoint,5,1,733954298291541561414451,-1682289216051,1,856711327280,1,856711327280,1682289216051,1,1,exact indexed map and invariant,match,match,PASS
canonical_map_checkpoint,5,2,733954298291541561414451,31133438510,-1682289216051,-825577888771,54,825577888771,31133438510,1682289216051,54,exact indexed map and invariant,match,match,PASS
canonical_map_checkpoint,5,3,733954298291541561414451,-59594508159,31133438510,855627790769,28,855627790769,59594508159,31133438510,28,exact indexed map and invariant,match,match,PASS
canonical_map_checkpoint,5,4999,733954298291541561414451,-619331910690,35654341413,843725326691,2,843725326691,619331910690,35654341413,2,exact indexed map and invariant,match,match,PASS
canonical_map_checkpoint,6,0,780988847498344710217819,1,-780988847498344710217819,0,883735733971,0,1,,883735733971,exact indexed map and invariant,match,match,PASS
canonical_map_checkpoint,6,1,780988847498344710217819,-1082626788978,1,883735733971,1,883735733971,1082626788978,1,1,exact indexed map and invariant,match,match,PASS
canonical_map_checkpoint,6,2,780988847498344710217819,684844678965,-1082626788978,-198891055007,1,198891055007,684844678965,1082626788978,1,exact indexed map and invariant,match,match,PASS
canonical_map_checkpoint,6,3,780988847498344710217819,-795564220027,684844678965,485953623958,1,485953623958,795564220027,684844678965,1,exact indexed map and invariant,match,match,PASS
canonical_map_checkpoint,6,4999,780988847498344710217819,-360388164815,236493894630,834121841713,4,834121841713,360388164815,236493894630,4,exact indexed map and invariant,match,match,PASS
canonical_map_checkpoint,7,0,756262877771118855062539,1,-756262877771118855062539,0,869633760712,0,1,,869633760712,exact indexed map and invariant,match,match,PASS
canonical_map_checkpoint,7,1,756262877771118855062539,-1022780315595,1,869633760712,1,869633760712,1022780315595,1,1,exact indexed map and invariant,match,match,PASS
canonical_map_checkpoint,7,2,756262877771118855062539,716487205830,-1022780315595,-153146554883,1,153146554883,716487205830,1022780315595,1,exact indexed map and invariant,match,match,PASS
canonical_map_checkpoint,7,3,756262877771118855062539,-612586219531,716487205830,563340650947,2,563340650947,612586219531,716487205830,2,exact indexed map and invariant,match,match,PASS
canonical_map_checkpoint,7,4999,756262877771118855062539,-690264180111,979172087749,283505660320,1,283505660320,690264180111,979172087749,1,exact indexed map and invariant,match,match,PASS
canonical_map_checkpoint,8,0,620667103280256004438903,1,-620667103280256004438903,0,787824284520,0,1,,787824284520,exact indexed map and invariant,match,match,PASS
canonical_map_checkpoint,8,1,620667103280256004438903,-806092808503,1,787824284520,1,787824284520,806092808503,1,1,exact indexed map and invariant,match,match,PASS
canonical_map_checkpoint,8,2,620667103280256004438903,769555760538,-806092808503,-18268523983,1,18268523983,769555760538,806092808503,1,exact indexed map and invariant,match,match,PASS
canonical_map_checkpoint,8,3,620667103280256004438903,-73074095931,769555760538,751287236555,21,751287236555,73074095931,769555760538,21,exact indexed map and invariant,match,match,PASS
canonical_map_checkpoint,8,4999,620667103280256004438903,-789765565107,723124444321,222639434666,1,222639434666,789765565107,723124444321,1,exact indexed map and invariant,match,match,PASS
canonical_map_checkpoint,9,0,653360630273636400415283,1,-653360630273636400415283,0,808307262291,0,1,,808307262291,exact indexed map and invariant,match,match,PASS
canonical_map_checkpoint,9,1,653360630273636400415283,-1264929846602,1,808307262291,1,808307262291,1264929846602,1,1,exact indexed map and invariant,match,match,PASS
canonical_map_checkpoint,9,2,653360630273636400415283,351684677981,-1264929846602,-456622584311,3,456622584311,351684677981,1264929846602,3,exact indexed map and invariant,match,match,PASS
canonical_map_checkpoint,9,3,653360630273636400415283,-839503250639,351684677981,598431449632,1,598431449632,839503250639,351684677981,1,exact indexed map and invariant,match,match,PASS
canonical_map_checkpoint,9,4999,653360630273636400415283,-1307840971618,278862619273,537264061087,1,537264061087,1307840971618,278862619273,1,exact indexed map and invariant,match,match,PASS
canonical_map_checkpoint,10,0,837710240559435938017823,1,-837710240559435938017823,0,915265120366,0,1,,915265120366,exact indexed map and invariant,match,match,PASS
canonical_map_checkpoint,10,1,837710240559435938017823,-847470043867,1,915265120366,2,915265120366,847470043867,1,2,exact indexed map and invariant,match,match,PASS
canonical_map_checkpoint,10,2,837710240559435938017823,271180305997,-847470043867,-779674967368,6,779674967368,271180305997,847470043867,6,exact indexed map and invariant,match,match,PASS
canonical_map_checkpoint,10,3,837710240559435938017823,-441078636391,271180305997,847406868614,3,847406868614,441078636391,271180305997,3,exact indexed map and invariant,match,match,PASS
canonical_map_checkpoint,10,4999,837710240559435938017823,-366637406047,844205547841,726768813536,4,726768813536,366637406047,844205547841,4,exact indexed map and invariant,match,match,PASS
canonical_map_checkpoint,11,0,668857612066056235035217,1,-668857612066056235035217,0,817837154980,0,1,,817837154980,exact indexed map and invariant,match,match,PASS
canonical_map_checkpoint,11,1,668857612066056235035217,-275696234817,1,817837154980,5,817837154980,275696234817,1,5,exact indexed map and invariant,match,match,PASS
canonical_map_checkpoint,11,2,668857612066056235035217,1285965679376,-275696234817,-560644019105,1,560644019105,1285965679376,275696234817,1,exact indexed map and invariant,match,match,PASS
canonical_map_checkpoint,11,3,668857612066056235035217,-111018593651,1285965679376,725321660271,13,725321660271,111018593651,1285965679376,13,exact indexed map and invariant,match,match,PASS
canonical_map_checkpoint,11,4999,668857612066056235035217,-154605085776,1130195516417,702939284225,9,702939284225,154605085776,1130195516417,9,exact indexed map and invariant,match,match,PASS
canonical_map_checkpoint,12,0,691677872250007651113283,1,-691677872250007651113283,0,831671733468,0,1,,831671733468,exact indexed map and invariant,match,match,PASS
canonical_map_checkpoint,12,1,691677872250007651113283,-339619806259,1,831671733468,4,831671733468,339619806259,1,4,exact indexed map and invariant,match,match,PASS
canonical_map_checkpoint,12,2,691677872250007651113283,1219456967601,-339619806259,-526807491568,1,526807491568,1219456967601,339619806259,1,exact indexed map and invariant,match,match,PASS
canonical_map_checkpoint,12,3,691677872250007651113283,-173777821794,1219456967601,692649476033,8,692649476033,173777821794,1219456967601,8,exact indexed map and invariant,match,match,PASS
canonical_map_checkpoint,12,4999,691677872250007651113283,-271454353794,618890385493,723655569029,5,723655569029,271454353794,618890385493,5,exact indexed map and invariant,match,match,PASS
canonical_map_checkpoint,13,0,643125473929327316575937,1,-643125473929327316575937,0,801951042102,0,1,,801951042102,exact indexed map and invariant,match,match,PASS
canonical_map_checkpoint,13,1,643125473929327316575937,-843539997533,1,801951042102,1,801951042102,843539997533,1,1,exact indexed map and invariant,match,match,PASS
canonical_map_checkpoint,13,2,643125473929327316575937,760362086672,-843539997533,-41588955431,1,41588955431,760362086672,843539997533,1,exact indexed map and invariant,match,match,PASS
canonical_map_checkpoint,13,3,643125473929327316575937,-166355821723,760362086672,718773131241,9,718773131241,166355821723,760362086672,9,exact indexed map and invariant,match,match,PASS
canonical_map_checkpoint,13,4999,643125473929327316575937,-869740562213,576432448376,376535246957,1,376535246957,869740562213,576432448376,1,exact indexed map and invariant,match,match,PASS
canonical_map_checkpoint,14,0,746211445404691389129767,1,-746211445404691389129767,0,863835311506,0,1,,863835311506,exact indexed map and invariant,match,match,PASS
canonical_map_checkpoint,14,1,746211445404691389129767,-23333141731,1,863835311506,74,863835311506,23333141731,1,74,exact indexed map and invariant,match,match,PASS
canonical_map_checkpoint,14,2,746211445404691389129767,75341983933,-23333141731,-862817176588,22,862817176588,75341983933,23333141731,22,exact indexed map and invariant,match,match,PASS
canonical_map_checkpoint,14,3,746211445404691389129767,-1521768688031,75341983933,794706469938,1,794706469938,1521768688031,75341983933,1,exact indexed map and invariant,match,match,PASS
canonical_map_checkpoint,14,4999,746211445404691389129767,-1118225186879,190353197789,730310690894,1,730310690894,1118225186879,190353197789,1,exact indexed map and invariant,match,match,PASS
canonical_map_checkpoint,15,0,696275117201628168642133,1,-696275117201628168642133,0,834431014045,0,1,,834431014045,exact indexed map and invariant,match,match,PASS
canonical_map_checkpoint,15,1,696275117201628168642133,-1461181380108,1,834431014045,1,834431014045,1461181380108,1,1,exact indexed map and invariant,match,match,PASS
canonical_map_checkpoint,15,2,696275117201628168642133,207680647983,-1461181380108,-626750366063,7,626750366063,207680647983,1461181380108,7,exact indexed map and invariant,match,match,PASS
canonical_map_checkpoint,15,3,696275117201628168642133,-59334753823,207680647983,827014169818,28,827014169818,59334753823,207680647983,28,exact indexed map and invariant,match,match,PASS
canonical_map_checkpoint,15,4999,696275117201628168642133,-465834328612,421072081809,707195366695,3,707195366695,465834328612,421072081809,3,exact indexed map and invariant,match,match,PASS
canonical_map_checkpoint,16,0,951268873312270600375699,1,-951268873312270600375699,0,975330135550,0,1,,975330135550,exact indexed map and invariant,match,match,PASS
canonical_map_checkpoint,16,1,951268873312270600375699,-289226573199,1,975330135550,6,975330135550,289226573199,1,6,exact indexed map and invariant,match,match,PASS
canonical_map_checkpoint,16,2,951268873312270600375699,1291804991437,-289226573199,-760029303644,1,760029303644,1291804991437,289226573199,1,exact indexed map and invariant,match,match,PASS
canonical_map_checkpoint,16,3,951268873312270600375699,-517480189050,1291804991437,531775687793,2,531775687793,517480189050,1291804991437,2,exact indexed map and invariant,match,match,PASS
canonical_map_checkpoint,16,4999,951268873312270600375699,-243716541450,155790765293,955667351543,7,955667351543,243716541450,155790765293,7,exact indexed map and invariant,match,match,PASS
canonical_map_checkpoint,17,0,652669394640594088089127,1,-652669394640594088089127,0,807879566916,0,1,,807879566916,exact indexed map and invariant,match,match,PASS
canonical_map_checkpoint,17,1,652669394640594088089127,-210366338071,1,807879566916,7,807879566916,210366338071,1,7,exact indexed map and invariant,match,match,PASS
canonical_map_checkpoint,17,2,652669394640594088089127,1002363371346,-210366338071,-664684799581,1,664684799581,1002363371346,210366338071,1,exact indexed map and invariant,match,match,PASS
canonical_map_checkpoint,17,3,652669394640594088089127,-537372565887,1002363371346,337678571765,2,337678571765,537372565887,1002363371346,2,exact indexed map and invariant,match,match,PASS
canonical_map_checkpoint,17,4999,652669394640594088089127,-655946987823,779038389449,376379475640,1,376379475640,655946987823,779038389449,1,exact indexed map and invariant,match,match,PASS
canonical_map_checkpoint,18,0,762527644363384635573469,1,-762527644363384635573469,0,873228288801,0,1,,873228288801,exact indexed map and invariant,match,match,PASS
canonical_map_checkpoint,18,1,762527644363384635573469,-1061973555868,1,873228288801,1,873228288801,1061973555868,1,1,exact indexed map and invariant,match,match,PASS
canonical_map_checkpoint,18,2,762527644363384635573469,684483021735,-1061973555868,-188745267067,1,188745267067,684483021735,1061973555868,1,exact indexed map and invariant,match,match,PASS
canonical_map_checkpoint,18,3,762527644363384635573469,-754981068267,684483021735,495737754668,1,495737754668,754981068267,684483021735,1,exact indexed map and invariant,match,match,PASS
canonical_map_checkpoint,18,4999,762527644363384635573469,-170175014492,721662403407,799824189685,9,799824189685,170175014492,721662403407,9,exact indexed map and invariant,match,match,PASS
canonical_map_checkpoint,19,0,647235748510269568978063,1,-647235748510269568978063,0,804509632329,0,1,,804509632329,exact indexed map and invariant,match,match,PASS
canonical_map_checkpoint,19,1,647235748510269568978063,-126807013822,1,804509632329,12,804509632329,126807013822,1,12,exact indexed map and invariant,match,match,PASS
canonical_map_checkpoint,19,2,647235748510269568978063,1048021185529,-126807013822,-717174533535,1,717174533535,1048021185529,126807013822,1,exact indexed map and invariant,match,match,PASS
canonical_map_checkpoint,19,3,647235748510269568978063,-513134895363,1048021185529,330846651994,2,330846651994,513134895363,1048021185529,2,exact indexed map and invariant,match,match,PASS
canonical_map_checkpoint,19,4999,647235748510269568978063,-953368613071,564873532378,329701459485,1,329701459485,953368613071,564873532378,1,exact indexed map and invariant,match,match,PASS
sign_negative_control,flip_Aa2,0,3,1,-3,0,1,,,,1,flip_Aa2,"{""A"": -2, ""B"": 1, ""C"": 1}","{""A"": -4, ""B"": 1, ""C"": 1}",REJECTED_AS_REQUIRED
sign_negative_control,flip_2Ca,1,3,-2,1,1,1,,,,1,flip_2Ca,"{""A"": 1, ""B"": -2, ""C"": -1}","{""A"": -3, ""B"": -2, ""C"": -1}",REJECTED_AS_REQUIRED
sign_negative_control,flip_B_term,0,3,1,-3,0,1,,,,1,flip_B_term,"{""A"": -2, ""B"": 1, ""C"": 1}","{""A"": 4, ""B"": 1, ""C"": 1}",REJECTED_AS_REQUIRED
sign_negative_control,flip_Bprime,0,3,1,-3,0,1,,,,1,flip_Bprime,"{""A"": -2, ""B"": 1, ""C"": 1}","{""A"": -2, ""B"": -1, ""C"": 1}",REJECTED_AS_REQUIRED
sign_negative_control,flip_Aa_in_Cprime,0,3,1,-3,0,1,,,,1,flip_Aa_in_Cprime,"{""A"": -2, ""B"": 1, ""C"": 1}","{""A"": -2, ""B"": 1, ""C"": -1}",REJECTED_AS_REQUIRED
sign_negative_control,flip_C_in_Cprime,1,3,-2,1,1,1,,,,1,flip_C_in_Cprime,"{""A"": 1, ""B"": -2, ""C"": -1}","{""A"": 1, ""B"": -2, ""C"": -3}",REJECTED_AS_REQUIRED
quotient_direction_negative_control,smallest,1,3,-2,1,1,1,1,2,1,1,replace s+|C| by s-|C|,1,0,REJECTED_AS_REQUIRED
weak_domain_counterexample,smallest_odd_nonsquare,0,3,-2,1,-1,1,,,,,"AB<0, |C|<sqrt(T), but AC>0",packet weak domain should stay in reduced orbit,"{""A"": -3, ""B"": -2, ""C"": -3}",COUNTEREXAMPLE_CONFIRMED
global_sign_double_cover,T=3_oriented_pair,1,3,-2,1,1,1,1,2,1,1,V and -V have the same digit; transition commutes with negation,same quotient orbit,commutes,PASS
ambiguous_sign_fixed_nonterminal,T=5_period_one_mod_sign,1,5,1,-1,-2,4,2,1,1,4,V'=-V; fixed only modulo global sign,nonterminal reduced cycle,"{""A"": -1, ""B"": 1, ""C"": 2}",PASS
square_input_exception,T=9,0,9,1,-9,0,3,0,1,,3,d1=T-floor(sqrt(T))^2=0,excluded square input,zero denominator detected,PASS
