trajectory_id,initial_value_num,initial_value_den,initial_precision,layer,precision_M,refinement_ratio_r,exponent_p,operation_id,policy_id,seed,pre_operation_state,pre_collapse_state,root_index_k,lower_L,upper_U,gap_G,lower_offset_d,upper_offset_u,phase_num,phase_den,selected_endpoint,post_collapse_state,signed_coordinate_error,absolute_coordinate_error,signed_physical_error_num,signed_physical_error_den,exact_power_before_collapse,branch_count_before,branch_count_after,recoalescence_count,state_bit_length,rng_rejections,rng_bits_per_attempt
raw-2-2-2-ALWAYS_DOWN,2,1,1,0,1,2,2,IDENTITY,ALWAYS_DOWN,17,2,2,1,1,4,3,1,2,1,3,L,1,-1,1,-1,1,False,1,1,0,2,0,0
raw-2-2-2-NEAREST,2,1,1,3,8,2,2,IDENTITY,NEAREST,17,2,2,1,1,4,3,1,2,1,3,L,1,-1,1,-1,8,False,1,1,0,2,0,0
raw-2-2-2-ALTERNATING_DOWN_FIRST,2,1,1,7,128,1,2,IDENTITY,ALTERNATING_DOWN_FIRST,17,128,128,11,121,144,23,7,16,7,23,U,144,16,16,1,8,False,1,1,0,8,0,0
raw-2-2-2-a1/2,2,1,1,2,4,2,2,IDENTITY,PHASE_THRESHOLD_1_2,0,2,2,1,1,4,3,1,2,1,3,L,1,-1,1,-1,4,False,1,1,0,2,0,0
raw-2-2-2-PRNG_50_50-0,2,1,1,6,64,2,2,IDENTITY,PRNG_50_50,0,18,18,4,16,25,9,2,7,2,9,L,16,-2,2,-1,32,False,1,1,0,5,0,1
raw-2-2-2-STOCHASTIC_UNBIASED-1,2,1,1,1,2,2,2,IDENTITY,STOCHASTIC_UNBIASED,1,2,2,1,1,4,3,1,2,1,3,U,4,2,2,1,1,False,1,1,0,3,0,256
raw-2-2-2-STOCHASTIC_UNBIASED-2,2,1,1,4,16,2,2,IDENTITY,STOCHASTIC_UNBIASED,2,98,98,9,81,100,19,17,2,17,19,U,100,2,2,1,8,False,1,1,0,7,0,256
raw-3-2-3-ALWAYS_DOWN,3,1,1,0,1,3,2,IDENTITY,ALWAYS_DOWN,17,3,3,1,1,4,3,2,1,2,3,L,1,-2,2,-2,1,False,1,1,0,2,0,0
raw-3-2-3-NEAREST,3,1,1,3,27,3,2,IDENTITY,NEAREST,17,75,75,8,64,81,17,11,6,11,17,U,81,6,6,2,9,False,1,1,0,7,0,0
raw-3-2-3-ALTERNATING_DOWN_FIRST,3,1,1,7,2187,1,2,IDENTITY,ALTERNATING_DOWN_FIRST,17,2883,2883,53,2809,2916,107,74,33,74,107,U,2916,33,33,11,729,False,1,1,0,12,0,0
raw-3-2-3-a1/2,3,1,1,2,9,3,2,IDENTITY,PHASE_THRESHOLD_1_2,0,27,27,5,25,36,11,2,9,2,11,L,25,-2,2,-2,9,False,1,1,0,5,0,0
raw-3-2-3-PRNG_50_50-0,3,1,1,6,729,3,2,IDENTITY,PRNG_50_50,0,3267,3267,57,3249,3364,115,18,97,18,115,U,3364,97,97,97,729,False,1,1,0,12,0,1
raw-3-2-3-STOCHASTIC_UNBIASED-1,3,1,1,1,3,3,2,IDENTITY,STOCHASTIC_UNBIASED,1,3,3,1,1,4,3,2,1,2,3,U,4,1,1,1,3,False,1,1,0,3,0,256
raw-3-2-3-STOCHASTIC_UNBIASED-2,3,1,1,4,81,3,2,IDENTITY,STOCHASTIC_UNBIASED,2,243,243,15,225,256,31,18,13,18,31,U,256,13,13,13,81,False,1,1,0,9,0,256
raw-5-3-2-ALWAYS_DOWN,5,1,1,0,1,2,3,IDENTITY,ALWAYS_DOWN,17,5,5,1,1,8,7,4,3,4,7,L,1,-4,4,-4,1,False,1,1,0,3,0,0
raw-5-3-2-NEAREST,5,1,1,3,8,2,3,IDENTITY,NEAREST,17,16,16,2,8,27,19,8,11,8,19,L,8,-8,8,-1,1,False,1,1,0,5,0,0
raw-5-3-2-ALTERNATING_DOWN_FIRST,5,1,1,7,128,1,3,IDENTITY,ALTERNATING_DOWN_FIRST,17,250,250,6,216,343,127,34,93,34,127,U,343,93,93,93,128,False,1,1,0,9,0,0
raw-5-3-2-a1/2,5,1,1,2,4,2,3,IDENTITY,PHASE_THRESHOLD_1_2,0,16,16,2,8,27,19,8,11,8,19,L,8,-8,8,-2,1,False,1,1,0,5,0,0
raw-5-3-2-PRNG_50_50-0,5,1,1,5,32,2,3,IDENTITY,PRNG_50_50,0,54,54,3,27,64,37,27,10,27,37,L,27,-27,27,-27,32,False,1,1,0,6,0,1
raw-5-3-2-STOCHASTIC_UNBIASED-1,5,1,1,1,2,2,3,IDENTITY,STOCHASTIC_UNBIASED,1,16,16,2,8,27,19,8,11,8,19,U,27,11,11,11,2,False,1,1,0,5,0,256
raw-5-3-2-STOCHASTIC_UNBIASED-2,5,1,1,4,16,2,3,IDENTITY,STOCHASTIC_UNBIASED,2,54,54,3,27,64,37,27,10,27,37,U,64,10,10,5,8,False,1,1,0,7,0,256
raw-10-3-4-ALWAYS_DOWN,10,1,1,0,1,4,3,IDENTITY,ALWAYS_DOWN,17,10,10,2,8,27,19,2,17,2,19,L,8,-2,2,-2,1,False,1,1,0,4,0,0
raw-10-3-4-NEAREST,10,1,1,3,64,4,3,IDENTITY,NEAREST,17,500,500,7,343,512,169,157,12,157,169,U,512,12,12,3,16,False,1,1,0,10,0,0
raw-10-3-4-ALTERNATING_DOWN_FIRST,10,1,1,6,4096,4,3,IDENTITY,ALTERNATING_DOWN_FIRST,17,55296,55296,38,54872,59319,4447,424,4023,424,4447,L,54872,-424,424,-53,512,False,1,1,0,16,0,0
raw-10-3-4-a1/2,10,1,1,2,16,4,3,IDENTITY,PHASE_THRESHOLD_1_2,0,108,108,4,64,125,61,44,17,44,61,U,125,17,17,17,16,False,1,1,0,7,0,0
raw-10-3-4-PRNG_50_50-0,10,1,1,5,1024,4,3,IDENTITY,PRNG_50_50,0,10976,10976,22,10648,12167,1519,328,1191,328,1519,U,12167,1191,1191,1191,1024,False,1,1,0,14,0,1
raw-10-3-4-STOCHASTIC_UNBIASED-1,10,1,1,1,4,4,3,IDENTITY,STOCHASTIC_UNBIASED,1,32,32,3,27,64,37,5,32,5,37,L,27,-5,5,-5,4,False,1,1,0,6,0,256
raw-10-3-4-STOCHASTIC_UNBIASED-2,10,1,1,4,256,4,3,IDENTITY,STOCHASTIC_UNBIASED,2,5324,5324,17,4913,5832,919,411,508,411,919,L,4913,-411,411,-411,256,False,1,1,0,13,0,256
raw-13-2-2-ALWAYS_DOWN,13,1,1,0,1,2,2,IDENTITY,ALWAYS_DOWN,17,13,13,3,9,16,7,4,3,4,7,L,9,-4,4,-4,1,False,1,1,0,4,0,0
raw-13-2-2-NEAREST,13,1,1,3,8,2,2,IDENTITY,NEAREST,17,128,128,11,121,144,23,7,16,7,23,L,121,-7,7,-7,8,False,1,1,0,8,0,0
raw-13-2-2-ALTERNATING_DOWN_FIRST,13,1,1,6,64,2,2,IDENTITY,ALTERNATING_DOWN_FIRST,17,800,800,28,784,841,57,16,41,16,57,L,784,-16,16,-1,4,False,1,1,0,10,0,0
raw-13-2-2-a1/2,13,1,1,2,4,2,2,IDENTITY,PHASE_THRESHOLD_1_2,0,72,72,8,64,81,17,8,9,8,17,L,64,-8,8,-2,1,False,1,1,0,7,0,0
raw-13-2-2-PRNG_50_50-0,13,1,1,5,32,2,2,IDENTITY,PRNG_50_50,0,392,392,19,361,400,39,31,8,31,39,U,400,8,8,1,4,False,1,1,0,9,0,1
raw-13-2-2-STOCHASTIC_UNBIASED-1,13,1,1,1,2,2,2,IDENTITY,STOCHASTIC_UNBIASED,1,18,18,4,16,25,9,2,7,2,9,L,16,-2,2,-1,1,False,1,1,0,5,0,256
raw-13-2-2-STOCHASTIC_UNBIASED-2,13,1,1,4,16,2,2,IDENTITY,STOCHASTIC_UNBIASED,2,242,242,15,225,256,31,17,14,17,31,U,256,14,14,7,8,False,1,1,0,9,0,256
raw-13-2-2-STOCHASTIC_UNBIASED-3,13,1,1,7,128,1,2,IDENTITY,STOCHASTIC_UNBIASED,3,968,968,31,961,1024,63,7,56,1,9,L,961,-7,7,-7,128,False,1,1,0,10,0,256
raw-50-5-3-NEAREST,50,1,1,3,27,3,5,IDENTITY,NEAREST,17,96,96,2,32,243,211,64,147,64,211,L,32,-64,64,-64,27,False,1,1,0,7,0,0
raw-50-5-3-ALTERNATING_DOWN_FIRST,50,1,1,6,729,3,5,IDENTITY,ALTERNATING_DOWN_FIRST,17,9375,9375,6,7776,16807,9031,1599,7432,1599,9031,L,7776,-1599,1599,-533,243,False,1,1,0,14,0,0
raw-50-5-3-a1/2,50,1,1,2,9,3,5,IDENTITY,PHASE_THRESHOLD_1_2,0,96,96,2,32,243,211,64,147,64,211,L,32,-64,64,-64,9,False,1,1,0,7,0,0
raw-50-5-3-PRNG_50_50-0,50,1,1,5,243,3,5,IDENTITY,PRNG_50_50,0,3072,3072,4,1024,3125,2101,2048,53,2048,2101,U,3125,53,53,53,243,False,1,1,0,12,0,1
raw-50-5-3-STOCHASTIC_UNBIASED-1,50,1,1,1,3,3,5,IDENTITY,STOCHASTIC_UNBIASED,1,96,96,2,32,243,211,64,147,64,211,L,32,-64,64,-64,3,False,1,1,0,7,0,256
raw-50-5-3-STOCHASTIC_UNBIASED-2,50,1,1,4,81,3,5,IDENTITY,STOCHASTIC_UNBIASED,2,729,729,3,243,1024,781,486,295,486,781,U,1024,295,295,295,81,False,1,1,0,11,0,256
raw-50-5-3-STOCHASTIC_UNBIASED-3,50,1,1,7,2187,1,5,IDENTITY,STOCHASTIC_UNBIASED,3,96,96,2,32,243,211,64,147,64,211,L,32,-64,64,-64,2187,False,1,1,0,7,0,256
raw-500-8-5-NEAREST,500,1,1,3,125,5,8,IDENTITY,NEAREST,17,1280,1280,2,256,6561,6305,1024,5281,1024,6305,L,256,-1024,1024,-1024,125,False,1,1,0,11,0,0
raw-500-8-5-ALTERNATING_DOWN_FIRST,500,1,1,6,15625,5,8,IDENTITY,ALTERNATING_DOWN_FIRST,17,1953125,1953125,6,1679616,5764801,4085185,273509,3811676,273509,4085185,L,1679616,-273509,273509,-273509,15625,False,1,1,0,21,0,0
raw-500-8-5-a1/2,500,1,1,2,25,5,8,IDENTITY,PHASE_THRESHOLD_1_2,0,1280,1280,2,256,6561,6305,1024,5281,1024,6305,L,256,-1024,1024,-1024,25,False,1,1,0,11,0,0
raw-500-8-5-PRNG_50_50-0,500,1,1,5,3125,5,8,IDENTITY,PRNG_50_50,0,1953125,1953125,6,1679616,5764801,4085185,273509,3811676,273509,4085185,U,5764801,3811676,3811676,3811676,3125,False,1,1,0,23,0,1
raw-500-8-5-STOCHASTIC_UNBIASED-1,500,1,1,0,1,5,8,IDENTITY,STOCHASTIC_UNBIASED,1,500,500,2,256,6561,6305,244,6061,244,6305,L,256,-244,244,-244,1,False,1,1,0,9,0,256
raw-500-8-5-STOCHASTIC_UNBIASED-2,500,1,1,4,625,5,8,IDENTITY,STOCHASTIC_UNBIASED,2,32805,32805,3,6561,65536,58975,26244,32731,26244,58975,U,65536,32731,32731,32731,625,False,1,1,0,17,0,256
raw-500-8-5-STOCHASTIC_UNBIASED-3,500,1,1,7,78125,1,8,IDENTITY,STOCHASTIC_UNBIASED,3,1280,1280,2,256,6561,6305,1024,5281,1024,6305,L,256,-1024,1024,-1024,78125,False,1,1,0,11,0,256
raw-1000003-16-3-NEAREST,1000003,1,1,3,27,3,16,IDENTITY,NEAREST,17,196608,196608,2,65536,43046721,42981185,131072,42850113,131072,42981185,L,65536,-131072,131072,-131072,27,False,1,1,0,18,0,0
raw-1000003-16-3-ALTERNATING_DOWN_FIRST,1000003,1,1,6,729,3,16,IDENTITY,ALTERNATING_DOWN_FIRST,17,457763671875,457763671875,5,152587890625,2821109907456,2668522016831,305175781250,2363346235581,305175781250,2668522016831,L,152587890625,-305175781250,305175781250,-305175781250,729,False,1,1,0,39,0,0
raw-1000003-16-3-a1/2,1000003,1,1,1,3,3,16,IDENTITY,PHASE_THRESHOLD_1_2,0,196608,196608,2,65536,43046721,42981185,131072,42850113,131072,42981185,L,65536,-131072,131072,-131072,3,False,1,1,0,18,0,0
raw-1000003-16-3-PRNG_50_50-0,1000003,1,1,5,243,3,16,IDENTITY,PRNG_50_50,0,8463329722368,8463329722368,6,2821109907456,33232930569601,30411820662145,5642219814912,24769600847233,5642219814912,30411820662145,U,33232930569601,24769600847233,24769600847233,24769600847233,243,False,1,1,0,45,0,1
raw-1000003-16-3-STOCHASTIC_UNBIASED-1,1000003,1,1,0,1,3,16,IDENTITY,STOCHASTIC_UNBIASED,1,1000003,1000003,2,65536,43046721,42981185,934467,42046718,934467,42981185,L,65536,-934467,934467,-934467,1,False,1,1,0,20,0,256
raw-1000003-16-3-STOCHASTIC_UNBIASED-2,1000003,1,1,4,81,3,16,IDENTITY,STOCHASTIC_UNBIASED,2,196608,196608,2,65536,43046721,42981185,131072,42850113,131072,42981185,L,65536,-131072,131072,-131072,81,False,1,1,0,18,0,256
raw-1000003-16-3-STOCHASTIC_UNBIASED-3,1000003,1,1,7,2187,1,16,IDENTITY,STOCHASTIC_UNBIASED,3,196608,196608,2,65536,43046721,42981185,131072,42850113,131072,42981185,L,65536,-131072,131072,-131072,2187,False,1,1,0,18,0,256
raw-1000003-32-5-NEAREST,1000003,1,1,3,125,5,32,IDENTITY,NEAREST,17,5,5,1,1,4294967296,4294967295,4,4294967291,4,4294967295,L,1,-4,4,-4,125,False,1,1,0,3,0,0
raw-1000003-32-5-ALTERNATING_DOWN_FIRST,1000003,1,1,6,15625,5,32,IDENTITY,ALTERNATING_DOWN_FIRST,17,92233720368547758080,92233720368547758080,4,18446744073709551616,23283064365386962890625,23264617621313253339009,73786976294838206464,23190830645018415132545,73786976294838206464,23264617621313253339009,L,18446744073709551616,-73786976294838206464,73786976294838206464,-73786976294838206464,15625,False,1,1,0,67,0,0
raw-1000003-32-5-a1/2,1000003,1,1,1,5,5,32,IDENTITY,PHASE_THRESHOLD_1_2,0,5,5,1,1,4294967296,4294967295,4,4294967291,4,4294967295,L,1,-4,4,-4,5,False,1,1,0,3,0,0
raw-1000003-32-5-PRNG_50_50-0,1000003,1,1,5,3125,5,32,IDENTITY,PRNG_50_50,0,116415321826934814453125,116415321826934814453125,5,23283064365386962890625,7958661109946400884391936,7935378045581013921501311,93132257461547851562500,7842245788119466069938811,93132257461547851562500,7935378045581013921501311,U,7958661109946400884391936,7842245788119466069938811,7842245788119466069938811,7842245788119466069938811,3125,False,1,1,0,83,0,1
raw-1000003-32-5-STOCHASTIC_UNBIASED-1,1000003,1,1,0,1,5,32,IDENTITY,STOCHASTIC_UNBIASED,1,1000003,1000003,1,1,4294967296,4294967295,1000002,4293967293,333334,1431655765,L,1,-1000002,1000002,-1000002,1,False,1,1,0,20,0,256
raw-1000003-32-5-STOCHASTIC_UNBIASED-2,1000003,1,1,4,625,5,32,IDENTITY,STOCHASTIC_UNBIASED,2,5,5,1,1,4294967296,4294967295,4,4294967291,4,4294967295,L,1,-4,4,-4,625,False,1,1,0,3,0,256
raw-1000003-32-5-STOCHASTIC_UNBIASED-3,1000003,1,1,7,78125,1,32,IDENTITY,STOCHASTIC_UNBIASED,3,5,5,1,1,4294967296,4294967295,4,4294967291,4,4294967295,L,1,-4,4,-4,78125,False,1,1,0,3,0,256
