bits,t_limit,samples,first_modulus,exact_cascade_seconds,lazy_step_seconds,wheel_seconds,cascade_over_wheel,lazy_over_wheel,median_second_stage_survivors,median_first_wheel_support
512,10000,15,1008,0.002107733999764605,0.0020506589999058633,0.00045938899984321324,4.588124662288305,4.4638835509899915,130,144
512,100000,15,1008,0.018148327999824687,0.016875398000138375,0.0019295309998597077,9.405564357942016,8.745854822423352,646,108
512,1000000,15,20160,0.17930985799966948,0.16712790400015365,0.016399143999933585,10.934098633464995,10.191257787652239,5446,1440
1024,10000,15,1008,0.002505129999917699,0.0017736800000420772,0.0003285050001977652,7.625850438835243,5.399248105734445,102,96
1024,100000,15,1008,0.02419005299998389,0.01744595099989965,0.002140912999948341,11.29894255421289,8.14883696830306,797,96
1024,1000000,15,20160,0.24036636299979364,0.16935048699997424,0.019854949999626115,12.106117769338121,8.529383705482172,5935,1920
2048,10000,15,1008,0.003572077000171703,0.001858895000168559,0.0004333200004111859,8.243508254366493,4.2898896852317385,147,72
2048,100000,15,1008,0.03498677100014902,0.017224813999746402,0.0017418630000065605,20.08583396054526,9.888730629034274,405,72
2048,1000000,15,20160,0.3546197530004065,0.1726711719998093,0.01427504899993437,24.841928949038063,12.096012560139245,3129,1080
