multiplier,sqrt_floor,is_square,squarefree_kernel,support_size_histogram,support_size_min,support_size_max,mean_support_num,mean_support_den,endpoint_resonance_count,nonconsecutive_support_count,square_multiplier_balanced_failures,mean_subtraction_num,mean_subtraction_den,mean_addition_num,mean_addition_den
1,1,true,1,1:4996,1,1,1,1,4996,0,0,33375035,10012,33385047,10012
2,1,false,2,2:2930;3:2066,2,3,6029,2498,3,0,0,117896857865,25009976,117946848993,25009976
3,1,false,3,2:1344;3:3652,2,3,3411,1249,5,0,0,18052415086,3126247,18053630596,3126247
4,2,true,1,2:4996,2,2,2,1,4996,0,0,66755075,10012,66765087,10012
5,2,false,5,3:3826;4:1170,3,4,8079,2498,9,0,0,186426097397,25009976,186475541413,25009976
6,2,false,6,3:2760;4:2236,3,4,4306,1249,9,0,0,204237892123,25009976,204255384035,25009976
7,2,false,7,3:1780;4:3216,3,4,4551,1249,10,0,0,220612061077,25009976,220611103549,25009976
8,2,false,2,3:869;4:4127,3,4,19115,4996,11,0,0,235854457793,25009976,235832945449,25009976
9,3,true,1,3:4996,3,3,3,1,4996,0,0,250120845629,25009976,250179202217,25009976
10,3,false,10,4:4199;5:797,4,5,20781,4996,14,0,0,131828196561,12504988,131853080049,12504988
11,3,false,11,4:3427;5:1569,4,5,21553,4996,13,0,0,138275714527,12504988,138275539883,12504988
12,3,false,3,4:2691;5:2305,4,5,22289,4996,13,0,0,144433922767,12504988,144414441207,12504988
13,3,false,13,4:1984;5:3012,4,5,5749,1249,13,0,0,37577356105,3126247,75166743483,6252494
14,3,false,14,4:1304;5:3692,4,5,5919,1249,14,0,0,156001506243,12504988,155990385765,12504988
15,3,false,15,4:652;5:4344,4,5,6082,1249,17,0,0,322979821581,25009976,322904753861,25009976
16,4,true,1,4:4996,4,4,4,1,4996,0,0,133525167,10012,133515155,10012
17,4,false,17,5:4398;6:598,5,6,12789,2498,17,0,0,171887221755,12504988,171911100265,12504988
18,4,false,2,5:3799;6:1197,5,6,26177,4996,15,0,0,353724002739,25009976,353807108411,25009976
19,4,false,19,5:3221;6:1775,5,6,26755,4996,18,0,0,363465811181,25009976,363453299409,25009976
20,4,false,5,5:2657;6:2339,5,6,27319,4996,20,0,0,93233179489,6252494,46608818883,3126247
21,4,false,21,5:2105;6:2891,5,6,27871,4996,20,0,0,191059445315,12504988,191051024563,12504988
22,4,false,22,5:1564;6:3432,5,6,7103,1249,17,0,0,195553083575,12504988,195549451477,12504988
23,4,false,23,5:1038;6:3958,5,6,14469,2498,18,0,0,399952730497,25009976,399832172241,25009976
24,4,false,6,5:526;6:4470,5,6,14725,2498,21,0,0,408581034331,25009976,408405509411,25009976
25,5,true,1,5:4996,5,5,5,1,4996,0,0,104213555289,6252494,52122398879,3126247
26,5,false,26,5:1;6:4519;7:476,5,7,30451,4996,20,0,0,106288217995,6252494,106298423049,6252494
27,5,false,3,6:4036;7:960,6,7,7734,1249,20,0,0,216633172919,12504988,216639375185,12504988
28,5,false,7,6:3560;7:1436,6,7,7853,1249,20,0,0,441252830429,25009976,441193499189,25009976
29,5,false,29,6:3092;7:1904,6,7,7970,1249,21,0,0,449012228441,25009976,449053836729,25009976
30,5,false,30,6:2634;7:2362,6,7,16169,2498,22,0,0,456743267745,25009976,456675462049,25009976
31,5,false,31,6:2181;7:2815,6,7,32791,4996,22,0,0,58038680060,3126247,58026017669,3126247
32,5,false,2,6:1738;7:3258,6,7,16617,2498,23,0,0,471746582165,25009976,471628224189,25009976
33,5,false,33,6:1301;7:3695,6,7,33671,4996,25,0,0,239504645023,12504988,239496178953,12504988
34,5,false,34,6:867;7:4129,6,7,34105,4996,22,0,0,486179614485,25009976,486228884021,25009976
35,5,false,35,6:444;7:4552,6,7,8632,1249,25,0,0,246677115445,12504988,246625378959,12504988
36,6,true,1,6:4996,6,6,6,1,4996,0,0,500320885355,25009976,500279202011,25009976
37,6,false,37,6:2;7:4601;8:393,6,8,35363,4996,22,0,0,507183911247,25009976,507218211015,25009976
38,6,false,38,6:1;7:4199;8:796,6,8,35767,4996,27,0,0,257006499367,12504988,257002933587,12504988
39,6,false,39,6:1;7:3798;8:1197,6,8,9042,1249,28,0,0,130203921791,6252494,130160474731,6252494
40,6,false,10,7:3402;8:1594,7,8,18283,2498,28,0,0,263735281791,12504988,263627265979,12504988
41,6,false,41,6:1;7:3006;8:1989,6,8,9240,1249,26,0,0,533900229487,25009976,533927551411,25009976
42,6,false,42,7:2619;8:2377,7,8,37349,4996,25,0,0,270199556379,12504988,270186252951,12504988
43,6,false,43,7:2235;8:2761,7,8,37733,4996,24,0,0,546784234797,25009976,546778026345,25009976
44,6,false,11,7:1858;8:3138,7,8,19055,2498,25,0,0,69148093272,3126247,69127533579,3126247
45,6,false,5,7:1485;8:3511,7,8,38483,4996,27,0,0,279681689889,12504988,279670763855,12504988
46,6,false,46,7:1110;8:3886,7,8,19429,2498,23,0,0,565583604949,25009976,565483055641,25009976
47,6,false,47,7:746;8:4250,7,8,19611,2498,25,0,0,71469290337,3126247,71442554740,3126247
48,6,false,3,7:388;8:4608,7,8,9895,1249,29,0,0,288919969007,12504988,288776757459,12504988
49,7,true,1,7:4996,7,7,7,1,4996,0,0,72952616508,3126247,72968230225,3126247
50,7,false,2,7:3;8:4660;9:333,7,9,20149,2498,25,0,0,589534662111,25009976,589683855211,25009976
51,7,false,51,7:1;8:4313;9:682,7,9,40649,4996,26,0,0,148877952151,6252494,74430063640,3126247
52,7,false,13,7:3;8:3965;9:1028,7,9,40993,4996,29,0,0,601313309205,25009976,601258331177,25009976
53,7,false,53,8:3625;9:1371,8,9,41339,4996,28,0,0,607020220677,25009976,607059547205,25009976
54,7,false,6,7:1;8:3282;9:1713,7,9,10420,1249,29,0,0,612725121731,25009976,612754705911,25009976
55,7,false,55,7:1;8:2945;9:2050,7,9,42017,4996,30,0,0,309243927919,12504988,309143474639,12504988
56,7,false,14,8:2613;9:2383,8,9,42351,4996,32,0,0,624143678853,25009976,623823883761,25009976
57,7,false,57,8:2278;9:2718,8,9,21343,2498,29,0,0,314770636983,12504988,314759779829,12504988
58,7,false,58,8:1946;9:3050,8,9,21509,2498,26,0,0,79375443655,3126247,79381707436,3126247
59,7,false,59,8:1623;9:3373,8,9,43341,4996,30,0,0,640530102335,25009976,640429081039,25009976
60,7,false,15,8:1302;9:3694,8,9,21831,2498,33,0,0,646043288971,25009976,645725862659,25009976
61,7,false,61,8:977;9:4019,8,9,43987,4996,29,0,0,325614766687,12504988,325629943649,12504988
62,7,false,62,8:658;9:4338,8,9,22153,2498,28,0,0,656619684263,25009976,656502475747,25009976
63,7,false,7,8:350;9:4646,8,9,22307,2498,37,0,0,330961251233,12504988,330873495703,12504988
64,8,true,1,8:4996,8,8,8,1,4996,0,0,66766342,2503,66753819,2503
65,8,false,65,8:6;9:4707;10:283,8,10,45241,4996,34,0,0,672234124109,25009976,672281846709,25009976
66,8,false,66,8:2;9:4401;10:593,8,10,45555,4996,29,0,0,338709712689,12504988,338699749411,12504988
67,8,false,67,8:3;9:4095;10:898,8,10,45859,4996,31,0,0,682532080225,25009976,682512037737,25009976
68,8,false,17,8:1;9:3799;10:1196,8,10,46159,4996,35,0,0,171918396483,6252494,171879923811,6252494
69,8,false,69,8:2;9:3490;10:1504,8,10,23233,2498,30,0,0,692692755839,25009976,692575336975,25009976
70,8,false,70,8:1;9:3196;10:1799,8,10,23381,2498,34,0,0,697685897435,25009976,697584261391,25009976
71,8,false,71,8:1;9:2896;10:2099,8,10,23531,2498,31,0,0,351377942917,12504988,351222570985,12504988
72,8,false,2,9:2607;10:2389,9,10,47353,4996,35,0,0,353836059925,12504988,353695044811,12504988
73,8,false,73,9:2309;10:2687,9,10,47651,4996,31,0,0,712402860985,25009976,712452291065,25009976
74,8,false,74,8:1;9:2018;10:2977,8,10,11985,1249,33,0,0,717269400969,25009976,717311837633,25009976
75,8,false,3,9:1731;10:3265,9,10,48229,4996,33,0,0,722163458667,25009976,722078365987,25009976
76,8,false,19,9:1445;10:3551,9,10,48515,4996,35,0,0,726996370625,25009976,726841849073,25009976
77,8,false,77,9:1161;10:3835,9,10,48799,4996,37,0,0,731711193677,25009976,731660495913,25009976
78,8,false,78,9:873;10:4123,9,10,49087,4996,32,0,0,368253032691,12504988,368168690939,12504988
79,8,false,79,9:589;10:4407,9,10,49371,4996,30,0,0,741233770489,25009976,741020911953,25009976
80,8,false,5,9:319;10:4677,9,10,49641,4996,41,0,0,746005356643,25009976,745601178823,25009976
81,9,true,1,9:4996,9,9,9,1,4996,0,0,750370780301,25009976,750529356577,25009976
82,9,false,82,9:7;10:4741;11:248,9,11,50201,4996,35,0,0,755054900543,25009976,755081629083,25009976
83,9,false,83,9:4;10:4471;11:521,9,11,50477,4996,35,0,0,189927686275,6252494,189901506817,6252494
84,9,false,21,9:3;10:4202;11:791,9,11,12687,1249,37,0,0,764388223169,25009976,764053652069,25009976
85,9,false,85,9:4;10:3930;11:1062,9,11,25509,2498,38,0,0,768741272339,25009976,768771562211,25009976
86,9,false,86,9:3;10:3656;11:1337,9,11,25647,2498,33,0,0,773266271323,25009976,773264310247,25009976
87,9,false,87,10:3397;11:1599,10,11,51559,4996,37,0,0,194471320529,6252494,194402690867,6252494
88,9,false,22,9:2;10:3127;11:1867,9,11,51825,4996,38,0,0,195588807101,6252494,195513726763,6252494
89,9,false,89,9:2;10:2859;11:2135,9,11,52093,4996,35,0,0,98326656431,3126247,196665118979,6252494
90,9,false,10,10:2604;11:2392,10,11,13088,1249,40,0,0,791053404987,25009976,791034248351,25009976
91,9,false,91,10:2338;11:2658,10,11,26309,2498,37,0,0,795476434471,25009976,795376312779,25009976
92,9,false,23,10:2078;11:2918,10,11,26439,2498,38,0,0,799918124939,25009976,799651685651,25009976
93,9,false,93,10:1816;11:3180,10,11,13285,1249,35,0,0,402092969821,12504988,402026846177,12504988
94,9,false,94,10:1555;11:3441,10,11,53401,4996,33,0,0,808531384689,25009976,808331576405,25009976
95,9,false,95,10:1307;11:3689,10,11,53649,4996,42,0,0,406461403825,12504988,406258865935,12504988
96,9,false,6,10:1049;11:3947,10,11,53907,4996,40,0,0,817270360691,25009976,816702730459,25009976
97,9,false,97,10:791;11:4205,10,11,54165,4996,36,0,0,821212014329,25009976,821249318357,25009976
98,9,false,2,10:535;11:4461,10,11,54421,4996,33,0,0,825378875517,25009976,825527046229,25009976
99,9,false,11,10:292;11:4704,10,11,13666,1249,42,0,0,414844353333,12504988,414809410901,12504988
100,10,true,1,10:4996,10,10,10,1,4996,0,0,104227627838,3126247,104230724085,3126247
